NSD,Gen_type,arch,ft,size
-0.32810430637844545,OOD,do,adapter,base
-0.18823141636965557,OOD,eo,plain,base
-0.05435530816737872,OOD,ed,plain,large
-0.16667457961765705,OOD,eo,plain,large
-0.20263093966945994,OOD,eo,adapter,base
-0.09992714743082728,OOD,ed,plain,base
-0.220158747121411,OOD,do,lora,large
-0.13853588315471912,OOD,eo,lora,base
-0.03655911380033711,OOD,ed,lora,large
-0.07015084322278842,OOD,ed,adapter,large
-0.09094331422733834,OOD,eo,adapter,large
-0.2514827951907414,OOD,eo,lora,base
-0.2046523886331596,OOD,eo,lora,large
-0.09537316617111667,OOD,ed,adapter,base
-0.28519364365159383,OOD,do,lora,base
-0.0645090288464835,OOD,ed,adapter,large
-0.029589876261615872,OOD,ed,lora,large
-0.21119275739972446,OOD,do,adapter,large
-0.09509745970311896,OOD,eo,adapter,large
-0.09344357988474022,OOD,ed,adapter,base
-0.1865811110340032,OOD,eo,adapter,large
-0.2918061389630545,OOD,do,adapter,base
-0.06186254379061164,OOD,ed,lora,base
-0.144311383759844,OOD,eo,adapter,base
-0.0905504215349028,OOD,eo,plain,large
-0.18227770240378882,OOD,do,plain,base
-0.0986478628304096,OOD,eo,lora,large
-0.15888588615434307,OOD,eo,plain,large
-0.19116390905409564,OOD,do,lora,large
-0.13943383960399122,OOD,eo,lora,base
-0.1261153522399385,OOD,eo,plain,base
-0.1983773380821758,OOD,eo,adapter,base
-0.14174183829353598,OOD,do,plain,large
-0.0995672325608817,OOD,eo,adapter,large
-0.21984174850542595,OOD,do,adapter,large
-0.2500477880786505,OOD,eo,lora,base
-0.07106809278884034,OOD,ed,adapter,large
-0.2776463219785671,OOD,do,lora,base
-0.160779944581438,OOD,eo,adapter,large
-0.09168008067746196,OOD,ed,adapter,base
-0.18064820414247995,OOD,eo,lora,large
-0.1881189965801734,OOD,eo,plain,base
-0.05744233924710427,OOD,ed,plain,large
-0.08911283535701389,OOD,eo,plain,large
-0.19996889726934688,OOD,do,plain,base
-0.09775466921129104,OOD,eo,lora,large
-0.29467794262349245,OOD,do,adapter,base
-0.05578431907890352,OOD,ed,lora,base
-0.13404620388633873,OOD,eo,adapter,base
-0.25792673290922963,OOD,do,lora,large
-0.09935052154361497,OOD,ed,plain,base
-0.14258774314949163,OOD,eo,lora,base
-0.12423864479906085,OOD,eo,plain,base
-0.14371633838329817,OOD,do,plain,large
-0.08847315641564567,OOD,eo,plain,large
-0.10078834229982368,OOD,eo,lora,large
-0.1780411134014679,OOD,do,plain,base
-0.1857360331458515,OOD,eo,plain,base
-0.05856946659673855,OOD,ed,plain,large
-0.14174668688427297,OOD,eo,adapter,base
-0.056040906032881324,OOD,ed,lora,base
-0.12804754786920705,OOD,eo,plain,base
-0.20172597181969695,OOD,eo,adapter,base
-0.14651899555094064,OOD,do,plain,large
-0.09584467008516896,OOD,ed,plain,base
-0.16516894207953245,OOD,eo,plain,large
-0.22746762949816088,OOD,do,adapter,large
-0.24291889082827522,OOD,eo,lora,base
-0.032378746527954055,OOD,ed,lora,large
-0.17940722131581716,OOD,eo,adapter,large
-0.29667929410823146,OOD,do,lora,base
-0.2068157024350786,OOD,eo,lora,large
-0.154930993597344,ROB,ed,lora,base
-0.15406159648020107,ROB,do,lora,large
-0.16311620588896378,ROB,do,plain,large
-0.1213647110816484,ROB,ed,plain,large
-0.17490648810898174,ROB,eo,adapter,base
-0.13625577264653635,ROB,eo,adapter,large
-0.17315595913734386,ROB,do,plain,base
-0.15708273748723192,ROB,ed,plain,base
-0.12651352549889133,ROB,ed,adapter,large
-0.17616643291257594,ROB,eo,lora,base
-0.1616086467011934,ROB,eo,plain,base
-0.17408849557522116,ROB,eo,adapter,large
-0.17825435297395173,ROB,do,lora,base
-0.1919730445246691,ROB,do,adapter,base
-0.1311996410946613,ROB,eo,lora,large
-0.1586683515221137,ROB,ed,adapter,base
-0.1972858338314405,ROB,eo,adapter,base
-0.15333065057008716,ROB,eo,plain,large
-0.12062077375013855,ROB,ed,adapter,large
-0.177221352645719,ROB,eo,lora,base
-0.17824190410802157,ROB,eo,adapter,large
-0.12362630691399665,ROB,ed,lora,large
-0.19475409836065574,ROB,do,lora,base
-0.19374219458479078,ROB,do,adapter,base
-0.11932813015279765,ROB,eo,plain,large
-0.15265602388882513,ROB,ed,adapter,base
-0.19579740871613666,ROB,eo,lora,large
-0.14542850749608416,ROB,eo,plain,large
-0.14823655195456062,ROB,eo,plain,base
-0.1505520104376705,ROB,ed,lora,base
-0.17486943586222686,ROB,do,adapter,large
-0.17256695451928605,ROB,eo,adapter,base
-0.21258483033932143,ROB,eo,lora,base
-0.1263801176078997,ROB,eo,adapter,large
-0.19825298804780883,ROB,do,lora,base
-0.1951393373998325,ROB,do,adapter,base
-0.1226643218289734,ROB,eo,plain,large
-0.15759586423915484,ROB,eo,plain,base
-0.12137698278771514,ROB,ed,lora,large
-0.192314251497006,ROB,eo,adapter,base
-0.14616692632984638,ROB,eo,plain,base
-0.19318968562345457,ROB,eo,lora,large
-0.13495905776780698,ROB,eo,lora,large
-0.14420475976650202,ROB,do,plain,large
-0.17477010139118127,ROB,do,lora,large
-0.12134248394952396,ROB,ed,plain,large
-0.1757782633697527,ROB,do,adapter,large
-0.16553971856559233,ROB,do,plain,base
-0.15367943776921336,ROB,ed,plain,base
-0.2036596707301747,ROB,eo,lora,base
-0.1516446056210335,ROB,do,plain,large
-0.17513888210886017,ROB,do,lora,large
-0.11835897435897426,ROB,ed,plain,large
-0.15035045675643607,ROB,ed,lora,base
-0.16672942801242954,ROB,do,adapter,large
-0.21656242181636226,ROB,eo,lora,base
-0.12287662409772342,ROB,eo,adapter,large
-0.1673629124004551,ROB,do,plain,base
-0.15262285779139714,ROB,ed,plain,base
-0.1756717381281697,ROB,eo,adapter,base
-0.12301143359718548,ROB,eo,plain,large
-0.1246925413432332,ROB,ed,lora,large
-0.12785715870023293,ROB,ed,adapter,large
-0.16038428731762075,ROB,eo,plain,base
-0.1733981081396707,ROB,eo,lora,base
-0.17224224384659417,ROB,eo,adapter,large
-0.14925734639358854,ROB,eo,plain,base
-0.19667661453981133,ROB,eo,adapter,base
-0.15089045226130646,ROB,eo,plain,large
-0.19768330955777452,ROB,eo,lora,large
-0.13162267533049518,ROB,eo,lora,large
-0.15623469973590534,ROB,ed,adapter,base
-0.30338367917899517,Comp,do,adapter,base
-0.3806905746472753,Comp,eo,adapter,base
-0.287707817438912,Comp,ed,plain,base
-0.2814854096301068,Comp,ed,adapter,large
-0.3296567265862824,Comp,eo,plain,base
-0.3331137599593705,Comp,eo,plain,large
-0.37797016025050656,Comp,do,lora,base
-0.27349300991545494,Comp,ed,plain,large
-0.33282223269932965,Comp,eo,adapter,large
-0.29284512815156666,Comp,eo,plain,large
-0.38060768690482544,Comp,eo,lora,base
-0.2645425268959464,Comp,ed,adapter,base
-0.23530188707254246,Comp,ed,lora,base
-0.39733317724713474,Comp,eo,lora,base
-0.38268134484004535,Comp,eo,adapter,base
-0.3123940416931393,Comp,do,plain,large
-0.3919091499021839,Comp,do,adapter,large
-0.34384845322888785,Comp,eo,lora,large
-0.3720604871393472,Comp,eo,adapter,large
-0.3556424827324851,Comp,do,plain,base
-0.3903173955278547,Comp,eo,lora,base
-0.3682989445236533,Comp,eo,adapter,base
-0.2518628702108876,Comp,ed,lora,base
-0.34213351244843165,Comp,eo,adapter,large
-0.29233398540950156,Comp,do,lora,large
-0.2589787939732044,Comp,ed,lora,large
-0.4781664744752402,Comp,do,adapter,base
-0.28331307562539554,Comp,ed,adapter,large
-0.3347731440520618,Comp,eo,plain,base
-0.39757287992233836,Comp,eo,adapter,base
-0.3519889631960757,Comp,eo,plain,base
-0.3160834096786892,Comp,eo,plain,large
-0.2961568487938888,Comp,eo,plain,large
-0.28101096127338737,Comp,ed,adapter,base
-0.41736270657028723,Comp,eo,lora,base
-0.3871692382611402,Comp,do,lora,base
-0.3945054799622632,Comp,eo,lora,large
-0.33086784761078286,Comp,do,plain,large
-0.36300264887229416,Comp,do,adapter,large
-0.38567602589235306,Comp,eo,adapter,base
-0.2783350460796002,Comp,do,lora,large
-0.3575782039521475,Comp,do,plain,base
-0.3699676859482111,Comp,eo,adapter,large
-0.3561564589411861,Comp,eo,lora,large
-0.26714659433424326,Comp,ed,plain,base
-0.34517639386553245,Comp,eo,plain,base
-0.27267040783178015,Comp,ed,lora,large
-0.2703803821553745,Comp,ed,plain,large
-0.3299152873350942,Comp,eo,adapter,large
-0.39214348189656006,Comp,eo,lora,base
-0.3705824020121188,Comp,eo,lora,large
-0.3379015641790189,Comp,eo,plain,large
-0.3816872449699169,Comp,eo,adapter,base
-0.3602429099258332,Comp,eo,plain,base
-0.26623167123104,Comp,ed,plain,base
-0.2794975639913978,Comp,ed,adapter,large
-0.339671289366646,Comp,eo,plain,base
-0.4285414798471003,Comp,do,adapter,base
-0.2691224586016913,Comp,ed,lora,large
-0.41495015124094314,Comp,do,lora,base
-0.3457760029431317,Comp,eo,lora,large
-0.2662809230031237,Comp,ed,plain,large
-0.3277928091028057,Comp,eo,adapter,large
-0.28756715344218575,Comp,eo,plain,large
-0.2884186337375019,Comp,ed,adapter,base
-0.34236847122032565,Comp,do,plain,large
-0.36888287488335303,Comp,do,adapter,large
-0.23484827566375882,Comp,ed,lora,base
-0.41439944034855253,Comp,eo,lora,base
-0.3902161995016924,Comp,do,lora,large
-0.3631461404594818,Comp,do,plain,base
-0.3675496295742162,Comp,eo,lora,large
-0.2575141556401243,OOD,do,adapter,large
-0.0940464796883353,OOD,ed,plain,base
-0.05974826787563758,OOD,ed,lora,base
-0.29145284716694697,OOD,do,lora,base
-0.052153572551128784,OOD,ed,plain,large
-0.08941890335324272,OOD,eo,adapter,large
-0.1974036238732484,OOD,do,plain,base
-0.1911307558463515,OOD,eo,adapter,large
-0.18716273537403075,OOD,eo,plain,base
-0.032053094674181756,OOD,ed,lora,large
-0.09486291335133627,OOD,ed,adapter,base
-0.12096673590543484,OOD,eo,plain,base
-0.15432109262115856,OOD,eo,lora,base
-0.3056669788040841,OOD,do,adapter,base
-0.14086612490388753,OOD,eo,adapter,base
-0.1670635998116022,OOD,do,plain,large
-0.27840870049402316,OOD,do,lora,large
-0.060225524757910515,OOD,ed,adapter,large
-0.09787250770021527,OOD,eo,lora,large
-0.08183254769076635,OOD,eo,plain,large
-0.18376401131368025,OOD,eo,plain,base
-0.21498048365756262,OOD,do,plain,base
-0.12171931228506357,OOD,eo,plain,base
-0.1559841651798787,OOD,eo,lora,base
-0.2094052815724591,OOD,eo,lora,large
-0.13495881053373415,OOD,eo,adapter,base
-0.09805966484242404,OOD,ed,adapter,base
-0.16423887244947205,OOD,do,plain,large
-0.08247444731265495,OOD,eo,plain,large
-0.15958742031889214,OOD,eo,plain,large
-0.0605516092721443,OOD,ed,adapter,large
-0.25849896464733374,OOD,do,adapter,large
-0.056285072755147346,OOD,ed,lora,base
-0.09075707882166704,OOD,ed,plain,base
-0.31917648630817674,OOD,do,lora,base
-0.23671855202903438,OOD,eo,adapter,base
-0.08115089773253881,OOD,eo,adapter,large
-0.2737857957035496,OOD,eo,lora,base
-0.052292702349793004,OOD,ed,plain,large
-0.216873516465779,OOD,eo,lora,large
-0.12538205833422267,OOD,eo,plain,base
-0.3346491807218132,OOD,do,adapter,base
-0.03320136669458216,OOD,ed,lora,large
-0.19291068509832254,OOD,eo,plain,base
-0.18462892029843567,OOD,eo,adapter,large
-0.2017658810583768,OOD,do,plain,base
-0.08171342419122239,OOD,eo,plain,large
-0.15997266214596692,OOD,eo,plain,large
-0.10473226364695835,OOD,eo,lora,large
-0.16095306437239065,OOD,do,plain,large
-0.22931045852635937,OOD,do,lora,large
-0.06736245890050277,OOD,ed,lora,base
-0.09325624727068292,OOD,ed,plain,base
-0.26286622998002956,OOD,eo,lora,base
-0.0520538930551069,OOD,ed,plain,large
-0.3228358090815546,OOD,do,lora,base
-0.23590020488260466,OOD,eo,adapter,base
-0.2315880638126429,OOD,do,adapter,large
-0.08867093987236957,OOD,eo,adapter,large
-0.2804265960550393,OOD,eo,lora,base
-0.23283011155478145,OOD,eo,adapter,base
-0.03320136669458216,OOD,ed,lora,large
-0.09447413503003399,OOD,ed,adapter,base
-0.15583063029469213,OOD,eo,lora,base
-0.1964821378090974,OOD,eo,lora,large
-0.3027684266720308,OOD,do,adapter,base
-0.14940516662920555,OOD,eo,adapter,base
-0.16668860062167212,OOD,eo,adapter,large
-0.09641621167945785,OOD,eo,lora,large
-0.06313195356187741,OOD,ed,adapter,large
-0.1569811027390023,OOD,eo,plain,large
-0.21517067456512723,OOD,do,lora,large
-0.3419780869291833,Comp,do,lora,large
-0.2758177092777274,Comp,do,plain,large
-0.32233941550994577,Comp,ed,lora,base
-0.3615388329979879,Comp,eo,plain,large
-0.41279139270771065,Comp,eo,adapter,base
-0.23276343682097742,Comp,ed,plain,large
-0.3720175936350672,Comp,eo,plain,base
-0.35531164201744414,Comp,do,plain,base
-0.3856157882069795,Comp,do,adapter,base
-0.4216027944581812,Comp,eo,lora,large
-0.29422403813415055,Comp,ed,plain,base
-0.2853866126673417,Comp,ed,lora,large
-0.23888091800851377,Comp,eo,adapter,large
-0.3855801184221499,Comp,eo,lora,base
-0.3753997343957503,Comp,do,lora,base
-0.2525930543187889,Comp,eo,plain,base
-0.42489646848109647,Comp,eo,lora,base
-0.43777703491700054,Comp,eo,adapter,large
-0.21740650835532097,Comp,eo,plain,large
-0.2905256168685509,Comp,eo,lora,large
-0.28372883338958266,Comp,ed,lora,large
-0.3826819152947091,Comp,eo,lora,base
-0.2805645522664886,Comp,eo,plain,base
-0.4254023998753312,Comp,eo,lora,base
-0.19967581340351687,Comp,do,adapter,large
-0.1898637356195501,Comp,eo,plain,large
-0.2736401137554259,Comp,do,plain,large
-0.2553470344154259,Comp,do,lora,large
-0.2568536763890429,Comp,ed,adapter,large
-0.3771978220332662,Comp,eo,plain,large
-0.3887685277651687,Comp,do,plain,base
-0.4114787129497543,Comp,eo,lora,large
-0.42855632395881355,Comp,eo,adapter,base
-0.38282354363691323,Comp,do,adapter,base
-0.3217916791059058,Comp,ed,adapter,base
-0.3049128856220069,Comp,eo,plain,base
-0.26938173127193965,Comp,eo,lora,large
-0.28748849166198237,Comp,ed,lora,large
-0.26738734420651644,Comp,eo,adapter,large
-0.3873481037924152,Comp,eo,lora,base
-0.30775398616334676,Comp,do,lora,base
-0.20489351068117703,Comp,eo,plain,large
-0.4369851622992715,Comp,eo,adapter,large
-0.4261398108139671,Comp,eo,lora,base
-0.36868042169829407,Comp,do,adapter,large
-0.4117365269461078,Comp,eo,adapter,base
-0.21808905615821714,Comp,ed,plain,large
-0.24250643015521064,Comp,ed,adapter,large
-0.3421536077175503,Comp,ed,lora,base
-0.24198979258328096,Comp,do,lora,large
-0.4283510197798815,Comp,eo,adapter,base
-0.2920602735585279,Comp,ed,plain,base
-0.3359801618626161,Comp,do,adapter,base
-0.3199753092092667,Comp,ed,adapter,base
-0.3405399865138233,Comp,eo,plain,base
-0.2729376048479474,Comp,ed,adapter,large
-0.34733388423599476,Comp,eo,plain,large
-0.41363256535752657,Comp,eo,adapter,base
-0.21662068965517234,Comp,ed,plain,large
-0.2668250243500412,Comp,do,plain,large
-0.3365247332226701,Comp,ed,lora,base
-0.32046999732016396,Comp,ed,adapter,base
-0.421514126423243,Comp,eo,lora,large
-0.43291897908270965,Comp,eo,adapter,base
-0.298052101539742,Comp,ed,plain,base
-0.3614951290684625,Comp,eo,plain,base
-0.2765625728339008,Comp,do,plain,base
-0.27432397868561276,Comp,eo,adapter,large
-0.37656352459016396,Comp,do,lora,base
-0.28269556178724986,Comp,eo,lora,large
-0.4265852047657357,Comp,eo,adapter,large
-0.34378529174818734,Comp,do,adapter,large
-0.058224066458220536,OOD,ed,adapter,large
-0.12472950232256012,OOD,eo,plain,base
-0.1593090757559577,OOD,do,plain,large
-0.10438157614350156,OOD,eo,lora,large
-0.27092791715085435,OOD,do,lora,base
-0.2253285605500201,OOD,do,adapter,large
-0.08407195509702992,OOD,eo,adapter,large
-0.16489974634050092,OOD,eo,adapter,large
-0.32863375117463567,OOD,eo,lora,base
-0.1732102557047382,OOD,eo,lora,base
-0.08111878308889252,OOD,eo,plain,large
-0.09679902997070264,OOD,ed,adapter,base
-0.21626759805673146,OOD,do,plain,base
-0.2280947343889779,OOD,eo,lora,large
-0.05664243547147571,OOD,ed,lora,base
-0.15743659002960936,OOD,eo,plain,large
-0.15565426607847893,OOD,eo,adapter,base
-0.33239922139982186,OOD,do,lora,large
-0.24137838828716965,OOD,eo,adapter,base
-0.3612332332336964,OOD,do,adapter,base
-0.056740284025988796,OOD,ed,lora,base
-0.15721694860116137,OOD,eo,adapter,base
-0.09401952752222097,OOD,ed,plain,base
-0.15582037170980012,OOD,eo,plain,large
-0.18850182781081637,OOD,eo,plain,base
-0.043577263708477844,OOD,ed,plain,large
-0.32995444316785866,OOD,do,adapter,base
-0.026474849549194514,OOD,ed,lora,large
-0.17289882708720633,OOD,do,plain,large
-0.1136081662193354,OOD,eo,lora,large
-0.05171726924434284,OOD,ed,adapter,large
-0.08534887658292048,OOD,eo,adapter,large
-0.18116199970026428,OOD,eo,adapter,large
-0.3541899707116186,OOD,do,lora,base
-0.19358637946340615,OOD,do,plain,base
-0.09390430066308085,OOD,ed,adapter,base
-0.09426842325641811,OOD,ed,plain,base
-0.1671175781180376,OOD,eo,plain,large
-0.04697658325673548,OOD,ed,plain,large
-0.23896504631929688,OOD,eo,adapter,base
-0.25994398190613843,OOD,do,lora,large
-0.18965725246946571,OOD,eo,plain,base
-0.06161657111816053,OOD,ed,adapter,large
-0.1271694527901112,OOD,eo,plain,base
-0.03371250273241667,OOD,ed,lora,large
-0.18365696505691675,OOD,eo,lora,large
-0.1721632229746877,OOD,eo,lora,base
-0.08961999748274627,OOD,ed,adapter,base
-0.08246434604702327,OOD,eo,plain,large
-0.08642418604904817,OOD,eo,adapter,large
-0.33885677298378575,OOD,eo,lora,base
-0.34089255004685476,OOD,do,lora,base
-0.27387277668190035,OOD,do,adapter,large
-0.12158790152475196,OOD,eo,plain,base
-0.16473973430154698,OOD,do,plain,large
-0.10149134061419239,OOD,eo,lora,large
-0.029436166574296308,OOD,ed,lora,large
-0.16441722490914476,OOD,eo,lora,base
-0.08371057151803767,OOD,eo,plain,large
-0.20286242312871397,OOD,do,plain,base
-0.22940025623672058,OOD,eo,lora,large
-0.2666392103077647,OOD,do,adapter,large
-0.19585070798183124,OOD,eo,adapter,large
-0.3181434891461167,OOD,eo,lora,base
-0.16038698981388536,OOD,eo,adapter,base
-0.09821506546562728,OOD,ed,plain,base
-0.06822437403649623,OOD,ed,lora,base
-0.3084244036267335,OOD,do,adapter,base
-0.045176012643523764,OOD,ed,plain,large
-0.23081030235917335,OOD,do,lora,large
-0.18946810451648097,OOD,eo,plain,base
-0.23993446599658552,OOD,eo,adapter,base
-0.06472781523042986,ROB,do,adapter,base
-0.06742472009555331,ROB,eo,plain,base
-0.059307692175187506,ROB,eo,adapter,base
-0.07413502693829138,ROB,eo,plain,large
-0.06869000115527747,ROB,eo,plain,large
-0.0693905809407994,ROB,ed,lora,large
-0.07202585844604545,ROB,ed,adapter,large
-0.07364903667476556,ROB,do,adapter,large
-0.05794331742158664,ROB,eo,lora,base
-0.07013476001145323,ROB,eo,lora,large
-0.0663262019853379,ROB,do,plain,base
-0.067716065418046,ROB,do,lora,large
-0.05914102293262135,ROB,eo,adapter,base
-0.06465209620340909,ROB,ed,adapter,base
-0.059309915500377695,ROB,ed,lora,base
-0.06936846025420276,ROB,do,plain,large
-0.0692317693848224,ROB,ed,adapter,large
-0.06939180442501525,ROB,eo,adapter,large
-0.057263685959992046,ROB,eo,lora,base
-0.06060121526404758,ROB,do,lora,large
-0.06908484167936052,ROB,eo,lora,large
-0.06278765992203653,ROB,do,plain,base
-0.06392899894766134,ROB,ed,adapter,base
-0.06110162855409841,ROB,eo,lora,large
-0.061030955175086436,ROB,eo,lora,base
-0.05706236913461137,ROB,ed,lora,base
-0.07001525085066217,ROB,do,plain,large
-0.06839629575701042,ROB,eo,plain,base
-0.05760236843165296,ROB,do,adapter,base
-0.07114591953622004,ROB,do,lora,base
-0.06756283792193528,ROB,ed,plain,base
-0.07116602915604421,ROB,eo,plain,large
-0.06431173711732069,ROB,eo,adapter,large
-0.07243715450619835,ROB,ed,plain,large
-0.06834606677520944,ROB,eo,lora,large
-0.0686742452729523,ROB,eo,adapter,large
-0.08097562513842273,ROB,do,adapter,large
-0.06058091441118064,ROB,eo,lora,base
-0.06263927838408413,ROB,ed,lora,base
-0.06386928163329209,ROB,eo,lora,large
-0.06124439370172593,ROB,eo,adapter,base
-0.06873156406236029,ROB,eo,plain,base
-0.06437133636902152,ROB,do,lora,base
-0.06645058683396929,ROB,ed,plain,base
-0.06784090069392663,ROB,eo,plain,base
-0.0740332387926161,ROB,eo,plain,large
-0.06948521270853392,ROB,eo,plain,large
-0.06384666314277894,ROB,eo,adapter,large
-0.06949742157263157,ROB,ed,lora,large
-0.07188891443472194,ROB,ed,plain,large
-0.06074758043213063,ROB,eo,adapter,base
-0.0663803199323189,ROB,ed,plain,base
-0.06706059619429182,ROB,eo,plain,base
-0.06947179655275812,ROB,do,adapter,base
-0.08629386512405066,ROB,do,lora,base
-0.07013265293564014,ROB,eo,plain,base
-0.06990822178850246,ROB,ed,plain,large
-0.07417695022533283,ROB,eo,plain,large
-0.06374320553825931,ROB,eo,adapter,large
-0.0701099166874469,ROB,ed,lora,large
-0.060460248814941754,ROB,eo,adapter,base
-0.06788959061101991,ROB,do,plain,base
-0.07392695082528207,ROB,do,lora,large
-0.0689396346274373,ROB,ed,adapter,large
-0.06900968164829428,ROB,eo,adapter,large
-0.07253046638661938,ROB,do,adapter,large
-0.06039439631046044,ROB,eo,lora,base
-0.06952077733712435,ROB,do,plain,large
-0.06151115350396189,ROB,eo,lora,base
-0.05666741825050043,ROB,eo,lora,large
-0.0585003199802878,ROB,eo,adapter,base
-0.06383138813864848,ROB,ed,adapter,base
0.046857656146928536,Comp,eo,plain,base
0.07373480702520328,Comp,eo,adapter,large
0.06661521311897153,Comp,ed,adapter,large
0.05616409457507748,Comp,eo,lora,base
0.08287334618231859,Comp,do,adapter,base
0.10561053356435199,Comp,do,lora,base
0.06688872147649032,Comp,ed,adapter,base
0.08714998704908593,Comp,eo,lora,large
0.06615240979148004,Comp,eo,plain,large
0.05215233722922793,Comp,do,plain,base
0.06590325850208106,Comp,ed,plain,large
0.0801907839625727,Comp,eo,lora,large
0.055716033562829004,Comp,eo,plain,base
0.07673417551676966,Comp,eo,adapter,base
0.06771173683896696,Comp,do,plain,large
0.06435814556760923,Comp,ed,plain,base
0.08428634143238978,Comp,eo,adapter,large
0.08441119941821201,Comp,eo,lora,base
0.06300668413371356,Comp,ed,lora,base
0.062473632651893866,Comp,eo,plain,large
0.06534483099978217,Comp,ed,plain,large
0.075230228980333,Comp,do,plain,base
0.009150954308490245,Comp,do,adapter,large
0.059184506823924246,Comp,eo,plain,base
0.07805641436696051,Comp,eo,adapter,base
0.05624089566672136,Comp,ed,plain,base
0.02809288292338964,Comp,do,plain,large
0.08350664901997859,Comp,do,lora,large
0.07989056061568672,Comp,eo,lora,base
0.07206884902439344,Comp,ed,lora,base
0.06516635181739819,Comp,eo,plain,large
0.07285303758899052,Comp,eo,adapter,large
0.08927992328339311,Comp,eo,adapter,base
0.10887329368176449,Comp,do,adapter,base
0.10107574642212935,Comp,eo,lora,large
0.12645622904202294,Comp,do,lora,base
0.0738086705100661,Comp,eo,plain,large
0.0834892474838183,Comp,ed,lora,large
0.05408011647774349,Comp,eo,plain,base
0.07708396586040543,Comp,eo,adapter,base
0.07657901256522391,Comp,eo,lora,large
0.07203381227909902,Comp,do,plain,base
0.051766036924314064,Comp,do,adapter,large
0.06382014023503975,Comp,eo,plain,large
0.08226679703574692,Comp,eo,adapter,large
0.11526115017069147,Comp,do,lora,large
0.06442359995638625,Comp,do,plain,large
0.08056871424629253,Comp,eo,adapter,base
0.015767813460935753,Comp,do,adapter,base
0.06688008017426363,Comp,ed,adapter,large
0.07616695933755568,Comp,eo,adapter,large
0.05395140712477024,Comp,eo,plain,base
0.0457490814587906,Comp,eo,lora,base
0.08272305132771197,Comp,ed,lora,large
0.10852046565224202,Comp,eo,lora,large
0.06178282869310826,Comp,ed,adapter,base
0.060149619460266396,Comp,eo,adapter,base
0.07142573864763038,Comp,ed,adapter,large
0.04954391855927538,Comp,eo,plain,base
0.06566834676767018,Comp,eo,lora,base
0.0747431829427172,Comp,eo,plain,large
0.08422059358404359,Comp,ed,lora,large
0.09715069262246402,Comp,do,lora,base
0.07426034627951107,Comp,ed,adapter,base
0.081963291064683,Comp,eo,lora,large
0.01725603284344501,Comp,do,adapter,large
0.06187311348309599,Comp,ed,plain,large
0.0801088495886683,Comp,eo,adapter,large
0.08585655750286333,Comp,eo,lora,base
0.08495737229290677,Comp,ed,lora,base
0.09936489131455811,Comp,do,lora,large
0.06435814556760923,Comp,ed,plain,base
-0.14564873596130956,ROB,do,lora,large
-0.1274402677775736,ROB,eo,adapter,large
-0.13817184555748696,ROB,eo,adapter,base
-0.12518122768027615,ROB,ed,adapter,base
-0.17344572161758537,ROB,do,adapter,base
-0.10961129400094462,ROB,do,plain,large
-0.1653423374139,ROB,do,lora,base
-0.15553414953273484,ROB,eo,lora,large
-0.11339052254917985,ROB,eo,plain,base
-0.09926845394115184,ROB,ed,adapter,large
-0.10491632201468029,ROB,eo,plain,large
-0.12021906078629822,ROB,do,plain,base
-0.1647777122847222,ROB,eo,adapter,base
-0.10923814010236368,ROB,eo,lora,large
-0.10595487381614721,ROB,ed,lora,large
-0.1882674188235856,ROB,eo,lora,base
-0.10718542071069735,ROB,do,plain,large
-0.15046368434520435,ROB,eo,lora,large
-0.16776132233399182,ROB,do,lora,base
-0.18080186927687203,ROB,do,adapter,base
-0.13700325201208163,ROB,eo,lora,base
-0.1217317746993555,ROB,do,plain,base
-0.16423310756877746,ROB,eo,adapter,base
-0.10377812082265722,ROB,eo,plain,large
-0.20031529320096483,ROB,eo,lora,base
-0.10275176777493034,ROB,eo,adapter,large
-0.1069608212758651,ROB,eo,lora,large
-0.10527705340205784,ROB,ed,lora,large
-0.1147938874182634,ROB,ed,plain,base
-0.12646074467506865,ROB,do,adapter,large
-0.08599527185231158,ROB,eo,plain,large
-0.09666084833054951,ROB,ed,plain,large
-0.13757999290500164,ROB,ed,lora,base
-0.10250224731330743,ROB,eo,plain,base
-0.13698546895967187,ROB,eo,adapter,base
-0.1377056028869956,ROB,eo,lora,base
-0.1126148136063019,ROB,eo,plain,base
-0.16921702945959188,ROB,do,lora,base
-0.148034468099093,ROB,eo,lora,large
-0.15903061999754187,ROB,do,adapter,base
-0.12290431548007412,ROB,ed,adapter,base
-0.1003751205783621,ROB,eo,adapter,large
-0.10764862661064067,ROB,eo,lora,large
-0.16771598193653445,ROB,eo,adapter,base
-0.10100365153630934,ROB,ed,adapter,large
-0.12921856394996978,ROB,eo,adapter,large
-0.08609573401192329,ROB,eo,plain,large
-0.12793032614520608,ROB,do,adapter,large
-0.1415481571415442,ROB,do,lora,large
-0.11513579785186,ROB,ed,plain,base
-0.13309055496447436,ROB,ed,lora,base
-0.1032013886741807,ROB,eo,plain,base
-0.09502951446928855,ROB,ed,plain,large
-0.08490119498122446,ROB,eo,plain,large
-0.1217807596438997,ROB,do,adapter,large
-0.13060908203828145,ROB,eo,adapter,large
-0.11316576279743346,ROB,ed,plain,base
-0.15145007412623515,ROB,do,lora,large
-0.09964848066807507,ROB,eo,plain,base
-0.14060422368720746,ROB,eo,adapter,base
-0.14028582256069255,ROB,ed,lora,base
-0.09496096283371751,ROB,ed,plain,large
-0.11583861374314211,ROB,eo,plain,base
-0.13785732571787349,ROB,eo,lora,base
-0.1220106524094388,ROB,ed,adapter,base
-0.10415062831067336,ROB,do,plain,large
-0.10486453166943584,ROB,ed,lora,large
-0.18672559817500853,ROB,eo,lora,base
-0.10053994378558374,ROB,eo,adapter,large
-0.0972301152299806,ROB,ed,adapter,large
-0.10110613033137338,ROB,eo,plain,large
-0.11913875015184784,ROB,do,plain,base
